P-340,-1,"[-1, -1, -1]","[49.0, 90.0, 103.0]",66.0,98.0,,0
P-388,-1,"[-1, -1, -1]","[89.0, 97.0, 99.0]",88.0,134.0,,0
P-314,-1,"[-1, -1, -1]","[53.0, 84.0, 93.0]",48.0,93.0,,0
P-79,-1,"[-1, -1, -1]","[62.0, 75.0, 86.0]",61.0,91.0,,0
P-348,-1,"[-1, -1, -1]","[56.0, 77.0, 89.0]",60.0,89.0,,0
P-204,-1,"[-1, -1, -1]","[55.0, 88.0, 103.0]",150.0,101.0,,0
P-286,-1,"[-1, -1, -1]","[73.0, 75.0, 93.0]",133.0,102.0,,0
P-62,-1,"[-1, -1, -1]","[43.0, 88.0, 92.0]",25.0,84.0,,0
P-260,-1,"[-1, -1, -1]","[43.0, 49.0, 99.0]",20.0,65.0,,0
P-250,-1,"[-1, -1, -1]","[59.0, 65.0, 102.0]",105.0,89.0,,0
P-293,-1,"[-1, -1, -1]","[56.0, 56.0, 104.0]",78.0,81.0,,0
P-344,-1,"[-1, -1, -1]","[55.0, 89.0, 92.0]",111.0,95.0,,0
P-298,-1,"[-1, -1, -1]","[44.0, 86.0, 91.0]",57.0,83.0,,0
P-176,-1,"[-1, -1, -1]","[60.0, 62.0, 102.0]",42.0,87.0,,0
P-114,-1,"[-1, -1, -1]","[80.0, 93.0, 104.0]",175.0,124.0,,0
P-200,-1,"[-1, -1, -1]","[74.0, 74.0, 83.0]",81.0,95.0,,0
P-316,-1,"[-1, -1, -1]","[71.0, 103.0, 105.0]",201.0,123.0,,0
P-195,-1,"[-1, -1, -1]","[57.0, 72.0, 102.0]",62.0,90.0,,0
P-303,-1,"[-1, -1, -1]","[57.0, 62.0, 106.0]",75.0,85.0,,0
P-153,-1,"[-1, -1, -1]","[51.0, 62.0, 64.0]",59.0,62.0,,0
P-308,-1,"[-1, -1, -1]","[57.0, 64.0, 110.0]",62.0,87.0,,0
P-141,-1,"[-1, -1, -1]","[43.0, 70.0, 87.0]",34.0,70.0,,0
P-34,-1,"[-1, -1, -1]","[45.0, 81.0, 87.0]",45.0,77.0,,0
P-101,-1,"[-1, -1, -1]","[76.0, 82.0, 102.0]",154.0,109.0,,0
P-281,-1,"[-1, -1, -1]","[55.0, 84.0, 105.0]",57.0,95.0,,0
P-178,-1,"[-1, -1, -1]","[69.0, 78.0, 96.0]",97.0,98.0,,0
P-259,-1,"[-1, -1, -1]","[72.0, 84.0, 86.0]",55.0,98.0,,0
P-239,-1,"[-1, -1, -1]","[71.0, 79.0, 85.0]",94.0,93.0,,0
P-107,-1,"[-1, -1, -1]","[99.0, 100.0, 100.0]",252.0,134.0,,0
P-182,-1,"[-1, -1, -1]","[45.0, 70.0, 78.0]",42.0,65.0,,0
P-21,-1,"[-1, -1, -1]","[71.0, 105.0, 105.0]",223.0,116.0,,0
P-301,-1,"[-1, -1, -1]","[61.0, 69.0, 72.0]",76.0,72.0,,0
P-89,-1,"[-1, -1, -1]","[68.0, 108.0, 109.0]",60.0,117.0,,0
P-268,-1,"[-1, -1, -1]","[63.0, 84.0, 100.0]",99.0,95.0,,0
P-96,-1,"[-1, -1, -1]","[50.0, 65.0, 84.0]",40.0,68.0,,0
P-7,-1,"[-1, -1, -1]","[78.0, 88.0, 93.0]",117.0,102.0,,0
P-328,-1,"[-1, -1, -1]","[50.0, 78.0, 82.0]",57.0,72.0,,0
P-290,-1,"[-1, -1, -1]","[46.0, 69.0, 80.0]",23.0,64.0,,0
P-302,-1,"[-1, -1, -1]","[64.0, 65.0, 106.0]",98.0,84.0,,0
P-128,-1,"[-1, -1, -1]","[66.0, 79.0, 102.0]",44.0,92.0,,0
P-60,-1,"[-1, -1, -1]","[60.0, 85.0, 87.0]",23.0,84.0,,0
P-374,-1,"[-1, -1, -1]","[71.0, 81.0, 101.0]",169.0,96.0,,0
P-52,-1,"[-1, -1, -1]","[88.0, 102.0, 104.0]",96.0,121.0,,0
P-306,-1,"[-1, -1, -1]","[88.0, 90.0, 91.0]",57.0,106.0,,0
P-390,-1,"[-1, -1, -1]","[82.0, 96.0, 106.0]",244.0,114.0,,0
P-321,-1,"[-1, -1, -1]","[71.0, 78.0, 98.0]",92.0,91.0,,0
P-132,-1,"[-1, -1, -1]","[42.0, 92.0, 102.0]",115.0,77.0,,0
P-56,-1,"[-1, -1, -1]","[65.0, 68.0, 109.0]",77.0,85.0,,0
P-104,-1,"[-1, -1, -1]","[90.0, 95.0, 95.0]",110.0,108.0,,0
P-325,-1,"[-1, -1, -1]","[63.0, 77.0, 80.0]",93.0,74.0,,0
P-338,-1,"[-1, -1, -1]","[46.0, 87.0, 88.0]",75.0,70.0,,0
P-84,-1,"[-1, -1, -1]","[66.0, 78.0, 94.0]",41.0,82.0,,0
P-311,-1,"[-1, -1, -1]","[43.0, 79.0, 101.0]",26.0,69.0,,0
P-251,-1,"[-1, -1, -1]","[44.0, 78.0, 106.0]",106.0,71.0,,0
P-91,-1,"[-1, -1, -1]","[50.0, 91.0, 92.0]",89.0,76.0,,0
P-8,-1,"[-1, -1, -1]","[76.0, 105.0, 108.0]",142.0,108.0,,0
P-193,-1,"[-1, -1, -1]","[67.0, 72.0, 87.0]",113.0,75.0,,0
P-72,-1,"[-1, -1, -1]","[44.0, 83.0, 89.0]",79.0,66.0,,0
P-294,-1,"[-1, -1, -1]","[44.0, 88.0, 93.0]",30.0,69.0,,0
P-383,-1,"[-1, -1, -1]","[60.0, 85.0, 103.0]",61.0,83.0,,0
P-81,-1,"[-1, -1, -1]","[93.0, 101.0, 110.0]",94.0,116.0,,0
P-254,-1,"[-1, -1, -1]","[51.0, 79.0, 99.0]",101.0,72.0,,0
P-237,-1,"[-1, -1, -1]","[74.0, 97.0, 101.0]",193.0,97.0,,0
P-235,-1,"[-1, -1, -1]","[80.0, 84.0, 105.0]",61.0,95.0,,0
P-372,-1,"[-1, -1, -1]","[79.0, 84.0, 110.0]",182.0,96.0,,0
P-138,-1,"[-1, -1, -1]","[80.0, 85.0, 89.0]",142.0,87.0,,0
P-359,-1,"[-1, -1, -1]","[86.0, 98.0, 101.0]",188.0,103.0,,0
P-318,-1,"[-1, -1, -1]","[75.0, 86.0, 99.0]",47.0,89.0,,0
P-70,-1,"[-1, -1, -1]","[77.0, 101.0, 108.0]",158.0,102.0,,0
P-228,-1,"[-1, -1, -1]","[51.0, 92.0, 98.0]",128.0,75.0,,0
P-210,-1,"[-1, -1, -1]","[45.0, 88.0, 93.0]",64.0,67.0,,0
P-88,-1,"[-1, -1, -1]","[62.0, 70.0, 106.0]",106.0,74.0,,0
P-13,-1,"[-1, -1, -1]","[55.0, 87.0, 94.0]",41.0,73.0,,0
P-127,-1,"[-1, -1, -1]","[67.0, 71.0, 78.0]",79.0,66.0,,0
P-213,-1,"[-1, -1, -1]","[50.0, 71.0, 105.0]",94.0,66.0,,0
P-100,-1,"[-1, -1, -1]","[62.0, 87.0, 100.0]",104.0,79.0,,0
P-184,-1,"[-1, -1, -1]","[74.0, 88.0, 96.0]",129.0,84.0,,0
P-389,-1,"[-1, -1, -1]","[49.0, 72.0, 95.0]",55.0,61.0,,0
P-119,-1,"[-1, -1, -1]","[41.0, 79.0, 104.0]",25.0,61.0,,0
P-368,-1,"[-1, -1, -1]","[71.0, 97.0, 99.0]",178.0,85.0,,0
P-110,-1,"[-1, -1, -1]","[86.0, 88.0, 100.0]",158.0,89.0,,0
P-243,-1,"[-1, -1, -1]","[69.0, 77.0, 105.0]",98.0,76.0,,0
P-376,-1,"[-1, -1, -1]","[89.0, 101.0, 101.0]",73.0,96.0,,0
P-245,-1,"[-1, -1, -1]","[53.0, 80.0, 105.0]",61.0,67.0,,0
P-379,-1,"[-1, -1, -1]","[68.0, 89.0, 98.0]",58.0,77.0,,0
P-173,-1,"[-1, -1, -1]","[81.0, 89.0, 92.0]",130.0,81.0,,0
P-24,-1,"[-1, -1, -1]","[55.0, 81.0, 109.0]",123.0,69.0,,0
P-67,-1,"[-1, -1, -1]","[57.0, 76.0, 101.0]",34.0,65.0,,0
P-161,-1,"[-1, -1, -1]","[62.0, 78.0, 97.0]",127.0,67.0,,0
P-95,-1,"[-1, -1, -1]","[69.0, 89.0, 91.0]",68.0,73.0,,0
P-51,-1,"[-1, -1, -1]","[57.0, 86.0, 97.0]",65.0,67.0,,0
P-233,-1,"[-1, -1, -1]","[59.0, 71.0, 101.0]",120.0,63.0,,0
P-38,-1,"[-1, -1, -1]","[48.0, 84.0, 96.0]",21.0,60.0,,0
P-370,-1,"[-1, -1, -1]","[47.0, 100.0, 106.0]",95.0,68.0,,0
P-349,-1,"[-1, -1, -1]","[68.0, 99.0, 104.0]",70.0,80.0,,0
P-98,-1,"[-1, -1, -1]","[63.0, 94.0, 108.0]",139.0,76.0,,0
P-55,-1,"[-1, -1, -1]","[77.0, 93.0, 95.0]",71.0,78.0,,0
P-111,-1,"[-1, -1, -1]","[62.0, 65.0, 103.0]",27.0,60.0,,0
P-47,-1,"[-1, -1, -1]","[58.0, 86.0, 104.0]",149.0,67.0,,0
P-83,-1,"[-1, -1, -1]","[99.0, 105.0, 106.0]",168.0,97.0,,0
P-74,-1,"[-1, -1, -1]","[69.0, 73.0, 87.0]",115.0,61.0,,0
P-90,-1,"[-1, -1, -1]","[44.0, 98.0, 102.0]",119.0,60.0,,0
P-197,-1,"[-1, -1, -1]","[82.0, 99.0, 109.0]",68.0,85.0,,0
P-22,-1,"[-1, -1, -1]","[92.0, 99.0, 100.0]",191.0,86.0,,0
P-160,-1,"[-1, -1, -1]","[82.0, 99.0, 108.0]",232.0,84.0,,0
P-196,-1,"[-1, -1, -1]","[64.0, 66.0, 107.0]",85.0,60.0,,0
P-309,-1,"[-1, -1, -1]","[60.0, 91.0, 104.0]",135.0,66.0,,0
P-292,-1,"[-1, -1, -1]","[63.0, 93.0, 100.0]",46.0,66.0,,0
P-377,-1,"[-1, -1, -1]","[88.0, 101.0, 105.0]",118.0,80.0,,0
P-143,-1,"[-1, -1, -1]","[82.0, 100.0, 106.0]",206.0,76.0,,0
P-64,-1,"[-1, -1, -1]","[56.0, 100.0, 104.0]",123.0,62.0,,0
P-18,-1,"[-1, -1, -1]","[68.0, 95.0, 101.0]",96.0,65.0,,0
P-30,-1,"[-1, -1, -1]","[85.0, 88.0, 102.0]",164.0,70.0,,0
P-191,-1,"[-1, -1, -1]","[71.0, 94.0, 100.0]",123.0,64.0,,0
P-203,-1,"[-1, -1, -1]","[68.0, 93.0, 106.0]",52.0,63.0,,0
P-223,-1,"[-1, -1, -1]","[83.0, 92.0, 109.0]",145.0,66.0,,0
P-330,-1,"[-1, -1, -1]","[97.0, 105.0, 106.0]",271.0,75.0,,0
P-296,-1,"[-1, -1, -1]","[81.0, 92.0, 93.0]",50.0,60.0,,0
P-158,-1,"[-1, -1, -1]","[72.0, 95.0, 107.0]",135.0,61.0,,0
P-262,-1,"[-1, -1, -1]","[92.0, 103.0, 109.0]",99.0,65.0,,0
P-108,-1,"[-1, -1, -1]","[109.0, 70.0, 47.0]",95.0,90.0,,0
P-113,-1,"[-1, -1, -1]","[86.0, 75.0, 55.0]",88.0,87.0,,0
P-115,-1,"[-1, -1, -1]","[105.0, 102.0, 46.0]",112.0,105.0,,0
P-121,-1,"[-1, -1, -1]","[108.0, 80.0, 79.0]",99.0,124.0,,0
P-131,-1,"[-1, -1, -1]","[82.0, 80.0, 79.0]",84.0,109.0,,0
P-137,-1,"[-1, -1, -1]","[110.0, 96.0, 59.0]",108.0,120.0,,0
P-14,-1,"[-1, -1, -1]","[46.0, 81.0, 45.0]",27.0,68.0,,0
P-140,-1,"[-1, -1, -1]","[106.0, 84.0, 65.0]",60.0,119.0,,0
P-144,-1,"[-1, -1, -1]","[106.0, 72.0, 59.0]",120.0,111.0,,0
P-149,-1,"[-1, -1, -1]","[104.0, 63.0, 45.0]",76.0,84.0,,0
P-151,-1,"[-1, -1, -1]","[106.0, 79.0, 44.0]",23.0,89.0,,0
P-154,-1,"[-1, -1, -1]","[103.0, 91.0, 64.0]",47.0,118.0,,0
P-155,-1,"[-1, -1, -1]","[95.0, 87.0, 47.0]",95.0,99.0,,0
P-175,-1,"[-1, -1, -1]","[96.0, 88.0, 66.0]",127.0,121.0,,0
P-229,-1,"[-1, -1, -1]","[104.0, 81.0, 69.0]",171.0,116.0,,0
P-240,-1,"[-1, -1, -1]","[101.0, 88.0, 65.0]",84.0,127.0,,0
P-249,-1,"[-1, -1, -1]","[89.0, 67.0, 55.0]",66.0,88.0,,0
P-253,-1,"[-1, -1, -1]","[99.0, 91.0, 49.0]",99.0,98.0,,0
P-263,-1,"[-1, -1, -1]","[98.0, 83.0, 56.0]",33.0,107.0,,0
P-267,-1,"[-1, -1, -1]","[98.0, 97.0, 54.0]",130.0,116.0,,0
P-271,-1,"[-1, -1, -1]","[92.0, 44.0, 41.0]",30.0,63.0,,0
P-279,-1,"[-1, -1, -1]","[99.0, 85.0, 52.0]",118.0,101.0,,0
P-31,-1,"[-1, -1, -1]","[76.0, 71.0, 49.0]",67.0,76.0,,0
P-312,-1,"[-1, -1, -1]","[97.0, 90.0, 56.0]",121.0,120.0,,0
P-342,-1,"[-1, -1, -1]","[78.0, 66.0, 63.0]",83.0,85.0,,0
P-343,-1,"[-1, -1, -1]","[107.0, 77.0, 67.0]",98.0,130.0,,0
P-347,-1,"[-1, -1, -1]","[105.0, 102.0, 53.0]",96.0,116.0,,0
P-354,-1,"[-1, -1, -1]","[70.0, 70.0, 52.0]",47.0,78.0,,0
P-355,-1,"[-1, -1, -1]","[52.0, 45.0, 60.0]",42.0,72.0,,0
P-364,-1,"[-1, -1, -1]","[110.0, 68.0, 53.0]",29.0,94.0,,0
P-367,-1,"[-1, -1, -1]","[106.0, 69.0, 54.0]",74.0,106.0,,0
P-375,-1,"[-1, -1, -1]","[97.0, 67.0, 48.0]",35.0,99.0,,0
P-392,-1,"[-1, -1, -1]","[87.0, 63.0, 40.0]",59.0,74.0,,0
P-395,-1,"[-1, -1, -1]","[108.0, 73.0, 60.0]",112.0,107.0,,0
P-400,-1,"[-1, -1, -1]","[64.0, 52.0, 50.0]",37.0,71.0,,0
P-48,-1,"[-1, -1, -1]","[65.0, 53.0, 48.0]",33.0,67.0,,0
P-66,-1,"[-1, -1, -1]","[86.0, 50.0, 47.0]",53.0,72.0,,0
P-77,-1,"[-1, -1, -1]","[96.0, 65.0, 50.0]",57.0,88.0,,0
P-78,-1,"[-1, -1, -1]","[104.0, 74.0, 42.0]",85.0,116.0,,0
P-93,-1,"[-1, -1, -1]","[92.0, 88.0, 68.0]",100.0,133.0,,0
P-230,U1,"[0.0, 0.0, 0.0]","[46.0, 86.0, 48.0]",44.0,82.0,,0
P-123,U1,"[0.0, 0.0, 48.0]","[43.0, 62.0, 40.0]",7.0,75.0,,0
P-218,U1,"[0.0, 0.0, 95.0]","[77.0, 90.0, 59.0]",63.0,134.0,,0
P-247,U1,"[0.0, 90.0, 0.0]","[62.0, 79.0, 98.0]",61.0,136.0,,0
P-32,U1,"[0.0, 90.0, 103.0]","[70.0, 98.0, 44.0]",53.0,124.0,,0
P-332,U1,"[0.0, 169.0, 0.0]","[57.0, 79.0, 103.0]",63.0,108.0,,0
P-258,U1,"[0.0, 188.0, 103.0]","[71.0, 82.0, 55.0]",43.0,138.0,,0
P-179,U1,"[0.0, 248.0, 0.0]","[62.0, 63.0, 73.0]",38.0,84.0,,0
P-307,U1,"[0.0, 270.0, 73.0]","[96.0, 43.0, 82.0]",100.0,123.0,,0
P-28,U1,"[46.0, 0.0, 0.0]","[64.0, 81.0, 95.0]",70.0,139.0,,0
P-63,U1,"[62.0, 81.0, 0.0]","[69.0, 75.0, 85.0]",111.0,116.0,,0
P-33,U1,"[62.0, 156.0, 0.0]","[90.0, 73.0, 89.0]",132.0,136.0,,0
P-242,U1,"[62.0, 229.0, 0.0]","[53.0, 89.0, 69.0]",48.0,118.0,,0
P-391,U1,"[70.0, 95.0, 91.0]","[73.0, 87.0, 65.0]",71.0,122.0,,0
P-57,U1,"[71.0, 182.0, 89.0]","[59.0, 83.0, 64.0]",32.0,137.0,,0
P-256,U1,"[77.0, 0.0, 95.0]","[64.0, 92.0, 66.0]",117.0,99.0,,0
P-85,U1,"[96.0, 265.0, 71.0]","[47.0, 44.0, 68.0]",42.0,74.0,,0
P-76,U1,"[110.0, 0.0, 0.0]","[96.0, 40.0, 92.0]",81.0,123.0,,0
P-331,U1,"[115.0, 229.0, 0.0]","[43.0, 88.0, 71.0]",64.0,91.0,,0
P-171,U1,"[131.0, 40.0, 0.0]","[50.0, 55.0, 93.0]",55.0,110.0,,0
P-371,U1,"[131.0, 95.0, 0.0]","[48.0, 52.0, 91.0]",50.0,106.0,,0
P-198,U1,"[141.0, 0.0, 102.0]","[74.0, 84.0, 59.0]",68.0,113.0,,0
P-369,U1,"[143.0, 84.0, 102.0]","[75.0, 84.0, 58.0]",92.0,110.0,,0
P-269,U1,"[143.0, 259.0, 102.0]","[74.0, 56.0, 58.0]",25.0,85.0,,0
P-341,U1,"[152.0, 147.0, 0.0]","[57.0, 72.0, 87.0]",50.0,109.0,,0
P-241,U1,"[152.0, 168.0, 87.0]","[71.0, 91.0, 74.0]",25.0,115.0,,0
P-317,U1,"[158.0, 219.0, 0.0]","[50.0, 53.0, 86.0]",44.0,89.0,,0
P-322,U1,"[158.0, 272.0, 0.0]","[66.0, 45.0, 102.0]",72.0,104.0,,0
P-164,U1,"[181.0, 40.0, 0.0]","[40.0, 87.0, 102.0]",99.0,124.0,,0
P-386,U2,"[0.0, 0.0, 0.0]","[63.0, 65.0, 110.0]",88.0,120.0,,0
P-190,U2,"[0.0, 0.0, 110.0]","[108.0, 101.0, 52.0]",143.0,128.0,,0
P-61,U2,"[0.0, 65.0, 0.0]","[57.0, 95.0, 109.0]",130.0,136.0,,0
P-382,U2,"[0.0, 101.0, 109.0]","[102.0, 106.0, 43.0]",41.0,130.0,,0
P-396,U2,"[0.0, 160.0, 0.0]","[42.0, 109.0, 102.0]",118.0,120.0,,0
P-194,U2,"[0.0, 207.0, 102.0]","[71.0, 109.0, 48.0]",97.0,116.0,,0
P-170,U2,"[0.0, 269.0, 0.0]","[81.0, 44.0, 100.0]",39.0,120.0,,0
P-351,U2,"[42.0, 162.0, 0.0]","[41.0, 107.0, 92.0]",42.0,112.0,,0
P-166,U2,"[57.0, 78.0, 0.0]","[62.0, 84.0, 103.0]",142.0,134.0,,0
P-65,U2,"[63.0, 0.0, 0.0]","[50.0, 78.0, 110.0]",56.0,121.0,,0
P-246,U2,"[71.0, 207.0, 99.0]","[102.0, 60.0, 61.0]",58.0,106.0,,0
P-146,U2,"[71.0, 267.0, 100.0]","[100.0, 45.0, 56.0]",46.0,92.0,,0
P-287,U2,"[83.0, 162.0, 0.0]","[86.0, 84.0, 99.0]",94.0,110.0,,0
P-363,U2,"[83.0, 246.0, 0.0]","[67.0, 72.0, 79.0]",29.0,136.0,,0
P-58,U2,"[102.0, 103.0, 107.0]","[95.0, 102.0, 55.0]",126.0,134.0,,0
P-102,U2,"[113.0, 0.0, 0.0]","[64.0, 70.0, 106.0]",70.0,135.0,,0
P-398,U2,"[113.0, 0.0, 107.0]","[85.0, 103.0, 52.0]",68.0,130.0,,0
P-335,U2,"[119.0, 70.0, 0.0]","[57.0, 91.0, 95.0]",47.0,140.0,,0
P-373,U2,"[150.0, 255.0, 0.0]","[72.0, 62.0, 84.0]",108.0,105.0,,0
P-261,U2,"[173.0, 178.0, 0.0]","[42.0, 77.0, 100.0]",80.0,114.0,,0
P-159,U2,"[173.0, 205.0, 100.0]","[50.0, 92.0, 52.0]",15.0,66.0,,0
P-174,U2,"[176.0, 77.0, 0.0]","[47.0, 101.0, 107.0]",107.0,127.0,,0
P-122,U2,"[177.0, 0.0, 0.0]","[46.0, 77.0, 104.0]",67.0,105.0,,0
P-337,U3,"[0.0, 0.0, 0.0]","[40.0, 77.0, 102.0]",52.0,102.0,,0
P-26,U3,"[0.0, 0.0, 108.0]","[56.0, 69.0, 73.0]",56.0,130.0,,0
P-189,U3,"[0.0, 0.0, 184.0]","[87.0, 63.0, 56.0]",66.0,121.0,,0
P-227,U3,"[0.0, 69.0, 138.0]","[59.0, 73.0, 96.0]",58.0,118.0,,0
P-244,U3,"[0.0, 77.0, 0.0]","[75.0, 76.0, 62.0]",24.0,111.0,,0
P-339,U3,"[0.0, 77.0, 62.0]","[54.0, 76.0, 76.0]",80.0,94.0,,0
P-120,U3,"[0.0, 142.0, 165.0]","[48.0, 91.0, 74.0]",82.0,105.0,,0
P-135,U3,"[0.0, 153.0, 0.0]","[45.0, 108.0, 66.0]",56.0,132.0,,0
P-334,U3,"[0.0, 153.0, 66.0]","[54.0, 65.0, 99.0]",103.0,102.0,,0
P-186,U3,"[0.0, 218.0, 68.0]","[47.0, 84.0, 93.0]",60.0,118.0,,0
P-278,U3,"[0.0, 233.0, 161.0]","[44.0, 73.0, 80.0]",60.0,96.0,,0
P-225,U3,"[0.0, 261.0, 0.0]","[93.0, 54.0, 68.0]",52.0,98.0,,0
P-4,U3,"[40.0, 0.0, 0.0]","[56.0, 75.0, 108.0]",73.0,138.0,,0
P-234,U3,"[45.0, 153.0, 0.0]","[43.0, 104.0, 65.0]",60.0,101.0,,0
P-35,U3,"[47.0, 243.0, 75.0]","[63.0, 72.0, 83.0]",96.0,103.0,,0
P-362,U3,"[47.0, 243.0, 158.0]","[61.0, 75.0, 86.0]",99.0,92.0,,0
P-39,U3,"[54.0, 143.0, 82.0]","[61.0, 96.0, 64.0]",61.0,111.0,,0
P-257,U3,"[54.0, 192.0, 146.0]","[54.0, 51.0, 67.0]",40.0,103.0,,0
P-172,U3,"[59.0, 0.0, 108.0]","[51.0, 71.0, 76.0]",22.0,112.0,,0
P-336,U3,"[59.0, 75.0, 73.0]","[49.0, 68.0, 72.0]",33.0,114.0,,0
P-288,U3,"[59.0, 91.0, 175.0]","[94.0, 101.0, 61.0]",36.0,122.0,,0
P-384,U3,"[75.0, 75.0, 0.0]","[60.0, 69.0, 73.0]",16.0,97.0,,0
P-313,U3,"[87.0, 0.0, 187.0]","[54.0, 91.0, 54.0]",73.0,120.0,,0
P-118,U3,"[88.0, 163.0, 0.0]","[90.0, 75.0, 82.0]",55.0,114.0,,0
P-209,U3,"[93.0, 238.0, 0.0]","[44.0, 72.0, 75.0]",57.0,74.0,,0
P-99,U3,"[96.0, 0.0, 0.0]","[71.0, 70.0, 68.0]",28.0,108.0,,0
P-5,U3,"[108.0, 76.0, 73.0]","[58.0, 64.0, 88.0]",93.0,139.0,,0
P-12,U3,"[108.0, 192.0, 195.0]","[80.0, 88.0, 48.0]",27.0,117.0,,0
P-201,U3,"[110.0, 0.0, 81.0]","[80.0, 76.0, 106.0]",159.0,139.0,,0
P-53,U3,"[110.0, 263.0, 81.0]","[44.0, 53.0, 106.0]",14.0,74.0,,0
P-97,U3,"[115.0, 140.0, 82.0]","[53.0, 53.0, 93.0]",54.0,120.0,,0
P-40,U3,"[115.0, 193.0, 82.0]","[45.0, 70.0, 90.0]",78.0,106.0,,0
P-27,U3,"[135.0, 70.0, 0.0]","[49.0, 93.0, 62.0]",18.0,122.0,,0
P-11,U3,"[137.0, 238.0, 0.0]","[55.0, 80.0, 81.0]",23.0,96.0,,0
P-59,U3,"[141.0, 0.0, 192.0]","[79.0, 85.0, 49.0]",26.0,111.0,,0
P-208,U3,"[153.0, 85.0, 192.0]","[89.0, 102.0, 50.0]",117.0,127.0,,0
P-116,U3,"[160.0, 210.0, 86.0]","[83.0, 106.0, 109.0]",132.0,128.0,,0
P-358,U3,"[167.0, 0.0, 0.0]","[74.0, 60.0, 81.0]",55.0,93.0,,0
P-323,U3,"[168.0, 113.0, 94.0]","[72.0, 97.0, 98.0]",183.0,129.0,,0
P-169,U3,"[184.0, 122.0, 0.0]","[48.0, 87.0, 94.0]",102.0,136.0,,0
P-87,U3,"[190.0, 0.0, 81.0]","[53.0, 54.0, 107.0]",84.0,116.0,,0
P-54,U3,"[190.0, 54.0, 86.0]","[51.0, 59.0, 106.0]",20.0,98.0,,0
P-29,U3,"[190.0, 60.0, 0.0]","[53.0, 62.0, 86.0]",23.0,122.0,,0
P-43,U3,"[192.0, 209.0, 0.0]","[51.0, 108.0, 86.0]",87.0,109.0,,0
P-284,U4,"[0.0, 0.0, 0.0]","[52.0, 70.0, 110.0]",86.0,10000000.0,,0
P-139,U4,"[0.0, 0.0, 110.0]","[75.0, 84.0, 96.0]",123.0,10000000.0,,0
P-283,U4,"[0.0, 70.0, 0.0]","[66.0, 97.0, 100.0]",79.0,10000000.0,,0
P-255,U4,"[0.0, 84.0, 100.0]","[64.0, 96.0, 98.0]",78.0,10000000.0,,0
P-222,U4,"[0.0, 84.0, 199.0]","[73.0, 88.0, 41.0]",59.0,10000000.0,,0
P-224,U4,"[0.0, 167.0, 0.0]","[56.0, 68.0, 99.0]",103.0,10000000.0,,0
P-25,U4,"[0.0, 172.0, 198.0]","[77.0, 53.0, 44.0]",37.0,108.0,,0
P-1,U4,"[0.0, 180.0, 99.0]","[53.0, 55.0, 99.0]",61.0,176.0,,0
P-163,U4,"[0.0, 235.0, 0.0]","[49.0, 83.0, 83.0]",45.0,10000000.0,,0
P-36,U4,"[0.0, 235.0, 87.0]","[78.0, 80.0, 86.0]",146.0,10000000.0,,0
P-180,U4,"[0.0, 235.0, 173.0]","[59.0, 80.0, 71.0]",43.0,10000000.0,,0
P-23,U4,"[52.0, 0.0, 0.0]","[50.0, 51.0, 110.0]",59.0,10000000.0,,0
P-299,U4,"[56.0, 209.0, 0.0]","[80.0, 83.0, 87.0]",55.0,10000000.0,,0
P-188,U4,"[59.0, 252.0, 175.0]","[86.0, 51.0, 51.0]",12.0,10000000.0,,0
P-2,U4,"[64.0, 84.0, 100.0]","[56.0, 81.0, 99.0]",53.0,10000000.0,,0
P-236,U4,"[64.0, 167.0, 88.0]","[56.0, 56.0, 91.0]",57.0,10000000.0,,0
P-333,U4,"[66.0, 51.0, 0.0]","[72.0, 85.0, 100.0]",59.0,10000000.0,,0
P-9,U4,"[66.0, 136.0, 0.0]","[71.0, 73.0, 88.0]",50.0,10000000.0,,0
P-45,U4,"[75.0, 0.0, 110.0]","[72.0, 81.0, 91.0]",92.0,10000000.0,,0
P-272,U4,"[75.0, 0.0, 201.0]","[64.0, 75.0, 40.0]",54.0,133.0,,0
P-324,U4,"[75.0, 81.0, 199.0]","[40.0, 68.0, 41.0]",27.0,122.0,,0
P-19,U4,"[77.0, 165.0, 185.0]","[69.0, 87.0, 51.0]",73.0,107.0,,0
P-168,U4,"[78.0, 233.0, 87.0]","[87.0, 68.0, 88.0]",109.0,10000000.0,,0
P-177,U4,"[102.0, 0.0, 0.0]","[41.0, 44.0, 99.0]",17.0,77.0,,0
P-329,U4,"[120.0, 81.0, 100.0]","[58.0, 65.0, 94.0]",26.0,10000000.0,,0
P-15,U4,"[120.0, 81.0, 194.0]","[84.0, 60.0, 49.0]",57.0,10000000.0,,0
P-215,U4,"[120.0, 146.0, 96.0]","[80.0, 87.0, 89.0]",126.0,10000000.0,,0
P-327,U4,"[137.0, 161.0, 0.0]","[44.0, 58.0, 96.0]",18.0,119.0,,0
P-46,U4,"[138.0, 90.0, 0.0]","[62.0, 71.0, 94.0]",39.0,10000000.0,,0
P-106,U4,"[143.0, 0.0, 0.0]","[54.0, 90.0, 92.0]",100.0,10000000.0,,0
P-69,U4,"[145.0, 252.0, 175.0]","[84.0, 47.0, 54.0]",57.0,10000000.0,,0
P-20,U4,"[146.0, 146.0, 185.0]","[88.0, 106.0, 56.0]",71.0,10000000.0,,0
P-181,U4,"[147.0, 0.0, 92.0]","[57.0, 58.0, 98.0]",93.0,10000000.0,,0
P-360,U4,"[147.0, 0.0, 190.0]","[76.0, 80.0, 53.0]",23.0,10000000.0,,0
P-10,U4,"[165.0, 231.0, 0.0]","[70.0, 85.0, 88.0]",81.0,10000000.0,,0
P-273,U4,"[165.0, 233.0, 88.0]","[71.0, 79.0, 85.0]",127.0,10000000.0,,0
P-126,U4,"[178.0, 58.0, 94.0]","[60.0, 64.0, 85.0]",94.0,10000000.0,,0
P-214,U4,"[181.0, 163.0, 0.0]","[61.0, 58.0, 81.0]",40.0,10000000.0,,0
P-352,U4,"[200.0, 52.0, 0.0]","[43.0, 66.0, 89.0]",32.0,10000000.0,,0
P-130,U4,"[200.0, 118.0, 0.0]","[40.0, 45.0, 78.0]",18.0,79.0,,0
P-216,U4,"[200.0, 122.0, 81.0]","[44.0, 64.0, 83.0]",57.0,10000000.0,,0
P-399,U4,"[200.0, 186.0, 81.0]","[44.0, 45.0, 89.0]",22.0,63.0,,0
P-202,U4,"[204.0, 0.0, 0.0]","[40.0, 52.0, 94.0]",57.0,105.0,,0
P-385,U4,"[204.0, 0.0, 94.0]","[40.0, 48.0, 64.0]",23.0,113.0,,0
P-357,U4,"[204.0, 80.0, 179.0]","[40.0, 56.0, 58.0]",15.0,110.0,,0
P-94,U5,"[0.0, 0.0, 0.0]","[66.0, 67.0, 98.0]",95.0,10000000.0,,0
P-82,U5,"[0.0, 0.0, 98.0]","[66.0, 71.0, 97.0]",130.0,10000000.0,,0
P-264,U5,"[0.0, 0.0, 195.0]","[60.0, 108.0, 68.0]",35.0,10000000.0,,0
P-350,U5,"[0.0, 67.0, 0.0]","[60.0, 69.0, 85.0]",52.0,10000000.0,,0
P-212,U5,"[0.0, 71.0, 85.0]","[48.0, 74.0, 105.0]",96.0,10000000.0,,0
P-199,U5,"[0.0, 136.0, 0.0]","[58.0, 67.0, 73.0]",59.0,10000000.0,,0
P-248,U5,"[0.0, 145.0, 73.0]","[52.0, 67.0, 77.0]",70.0,139.0,,0
P-16,U5,"[0.0, 145.0, 150.0]","[48.0, 63.0, 93.0]",82.0,10000000.0,,0
P-280,U5,"[0.0, 203.0, 0.0]","[53.0, 90.0, 61.0]",75.0,10000000.0,,0
P-162,U5,"[0.0, 208.0, 201.0]","[46.0, 104.0, 65.0]",36.0,10000000.0,,0
P-315,U5,"[0.0, 212.0, 61.0]","[50.0, 53.0, 75.0]",14.0,104.0,,0
P-117,U5,"[0.0, 212.0, 136.0]","[49.0, 52.0, 65.0]",33.0,10000000.0,,0
P-3,U5,"[0.0, 265.0, 61.0]","[42.0, 51.0, 101.0]",17.0,10000000.0,,0
P-380,U5,"[48.0, 173.0, 215.0]","[41.0, 56.0, 62.0]",22.0,102.0,,0
P-310,U5,"[49.0, 173.0, 150.0]","[43.0, 59.0, 65.0]",15.0,10000000.0,,0
P-42,U5,"[49.0, 232.0, 149.0]","[41.0, 62.0, 109.0]",46.0,10000000.0,,0
P-393,U5,"[50.0, 262.0, 66.0]","[44.0, 47.0, 65.0]",23.0,133.0,,0
P-220,U5,"[52.0, 158.0, 78.0]","[44.0, 104.0, 71.0]",80.0,137.0,,0
P-289,U5,"[53.0, 236.0, 0.0]","[43.0, 70.0, 66.0]",28.0,79.0,,0
P-275,U5,"[58.0, 162.0, 0.0]","[45.0, 74.0, 77.0]",31.0,10000000.0,,0
P-217,U5,"[60.0, 88.0, 0.0]","[72.0, 74.0, 78.0]",97.0,10000000.0,,0
P-207,U5,"[60.0, 88.0, 78.0]","[45.0, 70.0, 95.0]",46.0,10000000.0,,0
P-49,U5,"[60.0, 104.0, 173.0]","[40.0, 69.0, 100.0]",55.0,10000000.0,,0
P-157,U5,"[66.0, 0.0, 0.0]","[54.0, 88.0, 88.0]",30.0,10000000.0,,0
P-219,U5,"[66.0, 0.0, 88.0]","[61.0, 76.0, 94.0]",57.0,10000000.0,,0
P-50,U5,"[66.0, 0.0, 182.0]","[64.0, 104.0, 73.0]",75.0,10000000.0,,0
P-397,U5,"[90.0, 267.0, 131.0]","[59.0, 51.0, 80.0]",51.0,81.0,,0
P-152,U5,"[90.0, 267.0, 211.0]","[57.0, 49.0, 67.0]",39.0,73.0,,0
P-6,U5,"[92.0, 183.0, 151.0]","[56.0, 84.0, 91.0]",47.0,10000000.0,,0
P-226,U5,"[96.0, 162.0, 77.0]","[60.0, 72.0, 74.0]",27.0,10000000.0,,0
P-124,U5,"[96.0, 262.0, 59.0]","[104.0, 54.0, 72.0]",96.0,10000000.0,,0
P-192,U5,"[100.0, 125.0, 211.0]","[76.0, 54.0, 74.0]",33.0,106.0,,0
P-71,U5,"[103.0, 163.0, 0.0]","[43.0, 99.0, 60.0]",41.0,10000000.0,,0
P-265,U5,"[105.0, 125.0, 151.0]","[47.0, 58.0, 60.0]",37.0,10000000.0,,0
P-187,U5,"[120.0, 0.0, 0.0]","[54.0, 78.0, 84.0]",97.0,10000000.0,,0
P-353,U5,"[120.0, 78.0, 78.0]","[61.0, 66.0, 70.0]",33.0,10000000.0,,0
P-112,U5,"[127.0, 0.0, 84.0]","[63.0, 67.0, 79.0]",20.0,10000000.0,,0
P-304,U5,"[130.0, 0.0, 163.0]","[51.0, 68.0, 89.0]",31.0,10000000.0,,0
P-320,U5,"[130.0, 68.0, 148.0]","[53.0, 57.0, 64.0]",55.0,10000000.0,,0
P-150,U5,"[130.0, 68.0, 212.0]","[42.0, 54.0, 58.0]",12.0,10000000.0,,0
P-75,U5,"[132.0, 78.0, 0.0]","[43.0, 85.0, 74.0]",42.0,128.0,,0
P-92,U5,"[146.0, 163.0, 0.0]","[58.0, 58.0, 65.0]",59.0,138.0,,0
P-378,U5,"[146.0, 221.0, 0.0]","[53.0, 89.0, 59.0]",61.0,131.0,,0
P-295,U5,"[148.0, 183.0, 151.0]","[49.0, 69.0, 109.0]",32.0,10000000.0,,0
P-276,U5,"[148.0, 252.0, 211.0]","[46.0, 62.0, 69.0]",29.0,70.0,,0
P-381,U5,"[149.0, 252.0, 131.0]","[48.0, 64.0, 69.0]",60.0,87.0,,0
P-86,U5,"[156.0, 163.0, 65.0]","[41.0, 63.0, 65.0]",50.0,10000000.0,,0
P-37,U5,"[174.0, 0.0, 0.0]","[51.0, 59.0, 76.0]",33.0,131.0,,0
P-147,U5,"[181.0, 0.0, 164.0]","[46.0, 55.0, 65.0]",36.0,10000000.0,,0
P-361,U5,"[181.0, 0.0, 229.0]","[61.0, 65.0, 51.0]",55.0,68.0,,0
P-133,U5,"[181.0, 67.0, 0.0]","[63.0, 91.0, 109.0]",174.0,10000000.0,,0
P-305,U5,"[183.0, 67.0, 109.0]","[58.0, 63.0, 53.0]",22.0,104.0,,0
P-266,U5,"[190.0, 0.0, 76.0]","[53.0, 61.0, 88.0]",37.0,10000000.0,,0
P-277,U5,"[190.0, 65.0, 162.0]","[54.0, 105.0, 108.0]",93.0,10000000.0,,0
P-326,U5,"[197.0, 158.0, 65.0]","[45.0, 51.0, 84.0]",17.0,136.0,,0
P-232,U5,"[197.0, 170.0, 150.0]","[47.0, 67.0, 84.0]",38.0,10000000.0,,0
P-80,U5,"[197.0, 209.0, 65.0]","[43.0, 44.0, 85.0]",20.0,127.0,,0
P-156,U5,"[197.0, 237.0, 150.0]","[47.0, 73.0, 110.0]",57.0,124.0,,0
P-221,U5,"[199.0, 242.0, 0.0]","[44.0, 68.0, 49.0]",13.0,86.0,,0
P-345,U5,"[200.0, 253.0, 49.0]","[43.0, 47.0, 78.0]",43.0,10000000.0,,0
P-44,U5,"[204.0, 158.0, 0.0]","[40.0, 84.0, 49.0]",28.0,87.0,,0
P-365,U6,"[0.0, 0.0, 0.0]","[88.0, 95.0, 110.0]",217.0,10000000.0,,0
P-129,U6,"[0.0, 0.0, 110.0]","[59.0, 85.0, 110.0]",64.0,10000000.0,,0
P-73,U6,"[0.0, 0.0, 220.0]","[86.0, 104.0, 63.0]",79.0,10000000.0,,0
P-125,U6,"[0.0, 85.0, 110.0]","[68.0, 85.0, 91.0]",139.0,10000000.0,,0
P-274,U6,"[0.0, 95.0, 0.0]","[75.0, 88.0, 110.0]",114.0,10000000.0,,0
P-285,U6,"[0.0, 104.0, 216.0]","[81.0, 108.0, 54.0]",78.0,10000000.0,,0
P-300,U6,"[0.0, 170.0, 110.0]","[69.0, 97.0, 101.0]",57.0,10000000.0,,0
P-394,U6,"[0.0, 190.0, 0.0]","[81.0, 90.0, 109.0]",68.0,10000000.0,,0
P-167,U6,"[0.0, 212.0, 211.0]","[47.0, 100.0, 50.0]",33.0,124.0,,0
P-103,U6,"[0.0, 267.0, 109.0]","[78.0, 44.0, 102.0]",84.0,10000000.0,,0
P-231,U6,"[47.0, 212.0, 216.0]","[96.0, 49.0, 68.0]",48.0,91.0,,0
P-17,U6,"[47.0, 261.0, 211.0]","[83.0, 57.0, 63.0]",29.0,10000000.0,,0
P-142,U6,"[59.0, 0.0, 110.0]","[83.0, 74.0, 92.0]",169.0,10000000.0,,0
P-165,U6,"[68.0, 74.0, 110.0]","[93.0, 96.0, 103.0]",267.0,10000000.0,,0
P-145,U6,"[69.0, 170.0, 110.0]","[75.0, 79.0, 106.0]",66.0,10000000.0,,0
P-252,U6,"[75.0, 95.0, 0.0]","[48.0, 95.0, 110.0]",139.0,10000000.0,,0
P-136,U6,"[78.0, 249.0, 109.0]","[66.0, 47.0, 102.0]",36.0,10000000.0,,0
P-366,U6,"[81.0, 107.0, 213.0]","[105.0, 56.0, 71.0]",112.0,10000000.0,,0
P-134,U6,"[81.0, 190.0, 0.0]","[88.0, 80.0, 97.0]",150.0,10000000.0,,0
P-185,U6,"[81.0, 270.0, 0.0]","[67.0, 42.0, 100.0]",52.0,133.0,,0
P-282,U6,"[86.0, 0.0, 213.0]","[92.0, 107.0, 54.0]",147.0,10000000.0,,0
P-346,U6,"[88.0, 0.0, 0.0]","[83.0, 95.0, 110.0]",54.0,10000000.0,,0
P-105,U6,"[123.0, 95.0, 0.0]","[80.0, 95.0, 103.0]",225.0,10000000.0,,0
P-297,U6,"[142.0, 0.0, 110.0]","[101.0, 68.0, 103.0]",149.0,10000000.0,,0
P-319,U6,"[144.0, 170.0, 103.0]","[48.0, 101.0, 102.0]",144.0,10000000.0,,0
P-356,U6,"[144.0, 170.0, 205.0]","[95.0, 99.0, 77.0]",133.0,10000000.0,,0
P-109,U6,"[144.0, 269.0, 205.0]","[98.0, 44.0, 79.0]",53.0,10000000.0,,0
P-387,U6,"[144.0, 271.0, 100.0]","[42.0, 47.0, 96.0]",37.0,140.0,,0
P-211,U6,"[161.0, 68.0, 110.0]","[81.0, 95.0, 96.0]",142.0,10000000.0,,0
P-183,U6,"[169.0, 211.0, 0.0]","[57.0, 105.0, 72.0]",37.0,10000000.0,,0
P-41,U6,"[171.0, 0.0, 0.0]","[68.0, 90.0, 104.0]",72.0,10000000.0,,0
P-148,U6,"[178.0, 0.0, 213.0]","[49.0, 100.0, 67.0]",50.0,10000000.0,,0
P-270,U6,"[186.0, 100.0, 206.0]","[47.0, 52.0, 70.0]",12.0,10000000.0,,0
P-238,U6,"[192.0, 163.0, 103.0]","[50.0, 69.0, 102.0]",74.0,10000000.0,,0
P-68,U6,"[192.0, 232.0, 72.0]","[46.0, 81.0, 92.0]",62.0,10000000.0,,0
P-206,U6,"[192.0, 232.0, 164.0]","[47.0, 60.0, 41.0]",29.0,85.0,,0
P-205,U6,"[203.0, 90.0, 0.0]","[40.0, 47.0, 109.0]",24.0,107.0,,0
P-291,U6,"[203.0, 137.0, 0.0]","[40.0, 74.0, 81.0]",42.0,124.0,,0
